N,time,std
168,0.41856782257143876,0.002520262913783507
224,0.8295414028571193,0.021588999395124483
336,2.1827456535714225,0.08196192112332651
448,4.232444725285729,0.2446080690640343
