N,newton,iterative
10,0.15870408099726774,0.3361584079975728
20,0.6041687540127896,2.3989013470127247
40,2.5275899569969624,15.000265448994469
