N,time,std
10,0.01314170318858357,0.0005365539534347678
14,0.033581963857120305,0.0005794741819559068
20,0.1387579941428807,0.01781130923220144
28,0.4047133695717743,0.10074386490394859
