N,time,std
10,0.001011588321570993,0.0001115724541363242
14,0.0015782434797142091,0.00014897577361506158
20,0.0018391716428595827,0.0003005360766869499
28,0.003779575371429798,0.0011384828963819055
