N,time,std
10,0.0011640858659993682,0.00010779034850866765
14,0.0015903777905727373,0.00030953193290021806
20,0.002223200555714097,0.0003704162205398466
28,0.004975673005709333,0.0008098862586641524
