N,time,std
10,0.00030669963171437435,1.7224760164216936e-05
14,0.000594338270285724,0.0001938671180067765
20,0.0015440060644292056,0.0001275541678674134
28,0.008227049378562827,0.001910965265512867
