N,time,std
10,0.014107289958582053,0.00235730812063335
14,0.03874821839994443,0.007740109216976451
20,0.10717193805706171,0.010660538883957085
28,0.3034391817143062,0.04925625540803077
