N,time,std
10,0.00025627329828577266,7.085619400121359e-06
14,0.0005088054838571615,2.746256159462391e-05
20,0.0016634323342857116,0.00014096400237227538
28,0.014103068561416876,0.003113050487650657
